{"SVR": {"C": 0.2913442057169895, "epsilon": 0.9999613148596452, "kernel": "linear"}, "BayesianRidge": {"alpha_1": 2.489497279026625e-06, "alpha_2": 0.009974788413000878, "lambda_1": 0.009942171868479704, "lambda_2": 2.1741659278799076e-06}, "LightGBM": {"learning_rate": 0.239186328272765, "num_leaves": 28, "max_depth": 18, "min_child_samples": 29, "reg_alpha": 2.7678974096203586, "reg_lambda": 2.3266858963354218, "colsample_bytree": 0.5176820580082253, "n_estimators": 400}, "XGBoost": {"n_estimators": 575, "max_depth": 1, "learning_rate": 0.22097162384932814, "gamma": 3.9267467721200884, "min_child_weight": 26, "subsample": 0.7063934052165602, "colsample_bytree": 0.8634617993190133, "reg_alpha": 0.0028933506052396746, "reg_lambda": 0.04206042758166962}}