{"SVR": {"C": 0.10000954289226048, "epsilon": 0.9996810283280949, "kernel": "linear"}, "BayesianRidge": {"alpha_1": 0.009967438185890574, "alpha_2": 0.0002747338713334643, "lambda_1": 3.847626427614395e-06, "lambda_2": 0.009992039927281857}, "LightGBM": {"learning_rate": 0.28778546390768084, "num_leaves": 140, "max_depth": 9, "min_child_samples": 22, "reg_alpha": 0.5457990694020016, "reg_lambda": 6.254372773894867, "colsample_bytree": 0.9142614821421312, "n_estimators": 425}, "XGBoost": {"n_estimators": 575, "max_depth": 17, "learning_rate": 0.253190820895945, "gamma": 2.735865024393669, "min_child_weight": 19, "subsample": 0.5895778398678168, "colsample_bytree": 0.8083858673271751, "reg_alpha": 0.0013008708215217712, "reg_lambda": 0.9260168944510114}}